sid,year
1,1975
2,1976
3,1977
4,1978
5,1979
6,1980
7,1981
8,1982
9,1983
10,1984
11,1985
12,1986
13,1987
14,1988
15,1989
16,1990
17,1991
18,1992
19,1993
20,1994
21,1995
22,1996
23,1997
24,1998
25,1999
26,2000
27,2001
28,2002
29,2003
30,2004
31,2005
32,2006
33,2007
34,2008
35,2009
36,2010
37,2011
38,2012
39,2013
40,2014
41,2015
42,2016
